sensor,axis,bias,variance
acc,x,-0.0019257220867112872,4.2221382412742e-07
acc,y,0.0,0.0
acc,z,0.0,0.0
gyro,x,-0.003082418425695548,6.619565181003189e-07
gyro,y,0.0,0.0
gyro,z,0.0,0.0